id;name;x;y;province
0;London;-955534.176698202;5921032.25118975;Britannia
1;Lyon?;-755826.511770254;5194589.90619483;Lugdunensis
2;Rebecques;-816695.662067158;5779207.96925722;Belgica
3;Bregenz;-345522.867144488;5322218.32288708;Raetia
4;Kempten;-300643.27273879;5342086.36235854;Raetia
5;Volubilis;-1981744.8567853;4107083.95851789;Mauretania Tingitana
6;Bad Wimpfen;-361335.878109782;5520861.34718471;Germania Superior
7;Isla de Cabrera;-1064829.23760549;4491345.3112758;Tarraconensis
8;Edinburgh;-865236.498132087;5867415.45833038;Britannia
9;Mainz;-410621.150909084;5614880.89712105;Germania Superior
10;Chicester;-1025696.772362;5861141.41927802;Britannia
11;Beziers;-941931.524635747;4955300.3005907;Narbonensis
12;Fréjus;-655067.376539272;4908806.22959773;Narbonensis
13;Ladenburg (Lopodunum);-396564.854142407;5554272.65431498;Germania Superior
14;Augst;-498816.986459172;5350972.71357136;Germania Superior
15;Köln;-485175.276326217;5737049.38507196;Germania Inferior
16;Port-Vendres;-971780.259372865;4865280.20794199;Narbonensis
17;Toulouse;-1080282.31246224;5017282.64795687;Narbonensis
18;Amiens;-838509.28860994;5697360.82226357;Belgica
19;Saint-Romain-en-Gal;-759714.286352101;5170310.04524175;Narbonensis
20;Sallèles;-966491.801529943;4950736.93238566;Narbonensis
21;Ostia Antica;-225025.730008559;4658894.83827206;Italia
22;Antioch;1867252.48177217;4115154.34763007;Syria
23;York;-936866.068451985;6208531.92561426;Britannia
24;Bardon Mill;-978749.816941154;6343418.25156511;Britannia
25;Split;132693.76564072;4827923.63000075;Dalmatia
26;Almásfüzitó;294945.265201933;5289638.04980118;Pannonia Inferior
27;Caudebec-lès-Elbeuf;-948082.257820173;5653686.91376687;Lugdunensis
28;Avenches;-562819.917346189;5287347.9059035;Germania Superior
29;Stockstadt am Main;-354755.539387405;5604578.83609556;Germania Superior
30;Frankfurt am Main;-379275.935695407;5624503.54261325;Germania Superior
31;Falkirk;-1025329.69888547;6486477.8300989;Caledonia
32;Golfe de Fos;-801415.473039121;4930388.13719504;Narbonensis
33;Velzeke-Ruddershove;-708643.229311126;5779979.56871276;Belgica
34;Alexandria;1354610.4134671;3488290.83345828;Aegyptus
35;Walton le Dale;-1046764.55943348;6217801.38446881;Britannia
36;Nuits-Saint-Georges;-715804.369211464;5346795.26307407;Lugdunensis
37;Rheinhessen;-421553.915554691;5599578.84723776;Germania Superior
38;Roujan;-930867.075883968;4971478.32600594;Narbonensis
39;Mainz-Kastel;-409856.374447268;5617683.65509329;Germania Superior
40;Abernethy;-985937.986230463;6512319.20159027;Caledonia
41;Bad Kreuznach;-442836.232197637;5604248.94031563;Germania Superior
42;Saint-Romain-de-Jalionas;-727018.271474666;5189667.212828;Narbonensis
43;Orange;-795487.858362067;5016570.86350169;Narbonensis
44;Nîmes;-838407.36197678;4989987.83476454;Narbonensis
45;Ampurias;-979826.647826815;4822915.54316754;Tarraconensis
46;Genève;-645305.35403197;5224104.61887438;Narbonensis
47;Isère;-691685.887607956;5114642.70749281;Narbonensis
48;Lanark;-1040632.55535968;6449417.56979681;Caledonia
49;Carlisle;-1019166.01774611;6347771.26986266;Britannia
50;Bad Cannstatt;-362525.889967835;5472909.37141251;Germania Superior
51;Groß-Gerau;-397282.299510888;5605440.03849431;Germania Superior
52;Alicante;-1383717.62069951;4469340.82399089;Tarraconensis
53;Wroxeter;-1086155.86087837;6102062.58848629;Britannia
54;Niederbieber;-384697.260119998;5643175.14251355;Germania Superior
55;St. Albans;-955595.339807476;5959109.64154238;Britannia
56;Wasserbillig;-543461.472829624;5608101.07423055;Belgica
57;Caerleon;-1146543.75279093;5995036.12651936;Britannia
58;Vienne;-758879.15566038;5169350.34629686;Narbonensis
59;Agde;-922220.482272064;4946998.48359386;Narbonensis
60;Arles;-819575.716550027;4968506.84339518;Narbonensis
61;Wiesbaden;-410857.230934183;5626138.01525477;Germania Superior
62;Bourdeaux;-960662.376199971;5585740.33488914;Lugdunensis
63;Bishopbriggs;-1057437.86137986;6486603.90365619;Caledonia
64;Strasbourg;-472968.972905322;5467893.56574991;Germania Superior
65;Mandeure;-568880.665403057;5353577.55336691;Germania Superior
66;Lisieux;-1009461.32027461;5655159.13023059;Lugdunensis
67;Choloy;-616145.283586946;5502280.27228604;Belgica
68;Nijmegen;-539777.65547751;5851583.40331866;Germania Inferior
69;Budapest;352026.792976894;5268160.78540421;Pannonia Inferior
70;Housesteads;-976846.213437393;6348805.48164578;Britannia
71;Regensburg;-148741.126898927;5469399.21845282;Raetia
72;Eye;-845746.474575521;5984035.5931986;Britannia
73;Narbonne;-963254.645016083;4941243.02255826;Narbonensis
74;Southwark;-955335.120889118;5919273.73475023;Britannia
75;Bavay;-721676.510052066;5714842.30009884;Belgica
76;Steene;-803604.578814709;5811779.864853;Belgica
77;Dieulouard;-593843.86519669;5518288.20836012;Belgica
78;Chester;-1083293.76877323;6165894.85261533;Britannia
79;Saint-Marcel;-990361.536447914;5348613.50325219;Aquitania
80;Lazio;-145067.616708488;4645584.93006974;Italia
81;Saint-Etienne-Roilaye;-802284.962861084;5624159.66030804;Belgica
82;Biesheim;-501857.132580865;5409126.80892363;Germania Superior
83;Saint Paulien;-850966.508531957;5143918.20501282;Aquitania
84;Voorburg;-634554.882696414;5900064.06256503;Germania Inferior
85;Château Rousillon;-980032.018657195;4889603.53053768;Narbonensis
86;Sea Mills;-1130507.59281524;5973691.4532889;Britannia
87;Old Kilpatrick;-1069729.52656975;6493477.9618953;Caledonia
88;Lincoln;-926993.142952562;6117472.83278893;Britannia
89;Salé (Sala);-2101407.232689;4138956.41491875;Mauretania Tingitana
90;Valencia;-1370641.54429225;4603331.77012747;Tarraconensis
91;Clermont-l'Hérault;-917987.17156083;4983115.16871679;Narbonensis
92;Southend;-1166862.44797334;6458330.38200072;Caledonia
93;Arras;-793480.884151889;5731757.25666986;Belgica
94;Poitiers;-1080805.8615119;5370433.84179591;Aquitania
95;Worms;-411571.708575673;5574996.93876985;Germania Superior
96;Cirencester;-1076201.6810463;5985621.38794828;Britannia
97;Alise-Sainte-Reine;-741107.494160932;5398662.61806195;Lugdunensis
98;Grand;-646762.55342218;5476506.59187768;Germania Superior
99;Orlen;-413395.583948947;5637872.9357064;Germania Superior
100;Sandy;-948362.466508639;5990709.86665984;Britannia
101;Rouen;-939056.180158775;5669239.91002062;Lugdunensis
102;Rodez;-968842.709288324;5079081.53167762;Aquitania
103;Altenstadt;-357617.422937202;5640440.46108209;Germania Superior
104;Kastell Marienfels;-419781.280693783;5409600.67897651;Germania Superior
105;Hofheim;-407174.140727142;5577062.33258802;Germania Superior
106;Besançon;-621341.614321987;5340696.87928332;Germania Superior
107;Musselburgh;-984974.702031385;6463151.13379174;Caledonia
108;Annecy;-653092.195004184;5192323.61841003;Narbonensis
109;Vertault;-741930.686404839;5442708.63439037;Germania Superior
110;Angers;-1119515.66854045;5487450.16409711;Lugdunensis
111;Caersws;-1143533.7461897;6104126.71403034;Britannia
112;Servian;-933606.232668669;4963017.96233261;Narbonensis
113;Winchester;-1056206.19754392;5892734.20401508;Britannia
114;Hedelbergen;-364381.091630155;5635819.07704197;Germania Superior
115;Villajoyosa;-1359983.54611425;4482405.98865067;Tarraconensis
116;Puerto de Mazarrón;-1476887.21110004;4398670.71151903;Tarraconensis
117;Corbridge;-959109.411125592;6336532.95218347;Britannia
118;La Buisse;-704557.7932343;5136571.53163594;Narbonensis
119;Edinburgh;-993335.657009426;6468286.27266607;Caledonia
120;Leicester;-987269.022203111;6064838.38817018;Britannia
121;Dalswinton;-1053825.80265992;6393156.00011605;Caledonia
122;Ilchester;-1150134.75997591;5922586.44830289;Britannia
123;Aoste;-700076.592775839;5164660.88757553;Narbonensis
124;Bonn;-479238.601452449;5713104.2009449;Germania Inferior
125;Neuss;-497865.34063675;5769910.80224286;Germania Inferior
126;Fort Vechten;-580992.321497448;5887227.90650933;Germania Inferior
127;Cambrai;-764616.036910248;5711154.06566024;Belgica
128;Civitavecchia;-261053.271719425;4702030.18803505;Italia
129;Tróia;-2012503.05042723;4870850.7794243;Lusitania
130;Ardèche (Alba);-805456.529881032;5033151.03778156;Narbonensis
131;Sidi Ali ben ahmed (Thamusida);-2062732.64243637;4162773.42140969;Mauretania Tingitana
132;Banasa;-2017700.18137408;4182958.28687812;Mauretania Tingitana
133;Koenigshoffen;-479594.550916086;5466862.82371012;Germania Superior
134;Windisch;-462125.147268262;5337858.92669794;Germania Superior
135;Witham;-897411.487361272;5935779.11780248;Britannia
136;Fürstenberg;-502461.659455921;5822701.43881944;Germania Inferior
137;Chedworth;-1069291.35015805;5991375.1162584;Britannia
138;Gaujac;-815217.147641653;5013869.99732797;Narbonensis
139;Colchester;-876175.305477212;5941478.42952925;Britannia
140;Santa Pola;-1397612.5973699;4453973.59713314;Tarraconensis
141;Boulogne;-1199685.63217685;5429601.32412584;Aquitania
142;Silchester;-1027506.4505164;5923648.71862759;Britannia
143;Bad Ems;-443697.638044015;5660520.34522908;Germania Superior
144;Le Caylar;-921409.297016111;5011126.4729609;Narbonensis
145;Staines;-987115.65578713;5921009.41194968;Britannia
146;Soissons;-779365.797038991;5621794.97908953;Belgica
147;Astaffort;-1130187.39822003;5084756.02722944;Aquitania
148;Ribchester;-1035695.10426702;6221994.55355308;Britannia
149;Puisserguier;-956145.94097833;4961058.70264265;Narbonensis
150;Risstissen;-328541.551449891;5407080.92559416;Raetia
151;Nissan-Lez-Ensérune;-951041.143977837;4950815.2377836;Narbonensis
152;Sainte-Colombe;-759822.990671813;5169539.62430012;Narbonensis
153;Loughor;-1219225.95849582;6027004.36027018;Britannia
154;Wijk bij Duurstede;-572227.171550985;5875076.47099747;Germania Inferior
155;Nida-Heddernheim;-381185.065723489;5629835.17231189;Germania Superior
156;Lacroix-Saint-Ouen;-818815.111242617;5628689.2344356;Belgica
157;Canterbury;-882929.136244843;5870413.34334731;Britannia
158;Lattes;-881313.728297011;4968074.68669123;Narbonensis
159;Mont-Beuvray;-790246.352069834;5338595.2411637;Lugdunensis
160;Auerberg;-269377.745370387;5337935.27388281;Raetia
161;Vichy;-856720.158239029;5260670.85320297;Aquitania
162;Tours;-1028333.68964916;5452373.85775663;Lugdunensis
163;Großkrotzenburg;-358764.431168034;5617323.66904789;Germania Superior
164;Murviel-lès-Montpellier;-893814.920311246;4975245.66650297;Narbonensis
165;Alphen aan den Rijn;-614793.408074651;5903117.18665806;Germania Inferior
166;Mâcon;-744172.146004683;5257593.09609404;Lugdunensis
167;Chesters;-965493.442812641;6344810.31896742;Britannia
168;Rouen;-1002546.47610761;5697606.17061451;Lugdunensis
169;Ardoch house;-1021039.95093317;6515488.31588027;Caledonia
170;South Shields;-921366.793713559;6326136.95249025;Britannia
171;Les Rues des Vignes;-766488.604953893;5702105.76014902;Belgica
172;Grostenquin;-541668.995894048;5523851.24404331;Belgica
173;Le Crotoy;-877144.948572708;5744947.37407298;Belgica
174;Gloucester;-1090534.60998064;6002523.13726591;Britannia
175;Ehl;-490040.892308821;5444743.62155062;Germania Superior
176;Sardegna;-575458.086551936;4490908.56801042;Corsica et Sardinia
177;Watercrook;-1029688.03104876;6282621.22662161;Britannia
178;Caudebec-en-Caux;-961973.632189123;5686861.24332677;Lugdunensis
179;Hengistbury Head;-1096640.02516094;5869277.78268762;Britannia
180;Cap de Creus;-958638.936518974;4839186.48105521;Tarraconensis
181;Arlempdes;-848930.642583671;5112046.17462268;Aquitania
182;Lansargues;-865577.77568548;4974516.16531331;Narbonensis
183;Holt;-1086237.24055323;6150713.66929368;Britannia
184;Portiragnes;-933886.101316366;4948792.22878055;Narbonensis
185;Warrington;-1055790.16507326;6178472.98020371;Britannia
186;Moers;-495865.762747705;5798823.12097574;Germania Inferior
187;Rheinzabern;-427079.451448445;5518958.42861671;Germania Superior
188;Agen;-1128274.23127231;5100334.89927791;Aquitania
189;Heptonstall;-1004487.39182511;6205107.73228169;Britannia
190;Montbazin;-899500.940532321;4965891.48299036;Narbonensis
191;Altkalkar;-513590.307206741;5834588.32655777;Germania Inferior
192;Ptuj;105803.100726842;5153670.10949637;Noricum
193;Sauvian;-940135.621330074;4948799.88518645;Narbonensis
194;Peyrestortes;-986684.068986892;4896265.83630481;Narbonensis
195;Morienval;-811007.874948412;5619769.97812552;Belgica
196;Béziers;-949394.948841057;4975004.57732441;Narbonensis
197;Westmill;-935939.492316312;5963071.40251021;Britannia
198;Sagunto;-1330753.11177619;4615198.80884794;Tarraconensis
199;Solothurn;-520328.915902694;5317020.15359939;Germania Superior
200;Olonzac;-983399.056407747;4957276.15388793;Narbonensis
201;Doncaster;-954400.225932827;6162237.29450176;Britannia
202;Newstead;-977451.949243476;6113705.91935717;Britannia
203;Corinth;671995.538885526;4201039.98796946;Achaia
204;Fos-Sur-Mer;-799972.470426201;4936462.19883311;Narbonensis
205;Metz;-579922.034368355;5547021.50981508;Belgica
206;Badalona;-1069736.07970487;4761771.56669318;Tarraconensis
207;Bearsden;-1063737.17227391;6491121.01523214;Caledonia
208;Toulon;-725840.728890798;4885321.68429482;Narbonensis
209;Bourbon-Lancy;-872915.653662407;5317911.97372224;Aquitania
210;La Croix-Valmer;-673121.183948151;4886192.23048959;Narbonensis
211;Caerwent;-1133676.47494271;5990168.43000047;Britannia
212;Caernarfon;-1172762.88304592;6192560.61999399;Britannia
213;Pézenas;-922808.365648722;4964429.35579672;Narbonensis
214;Harpham;-886593.022865327;6200321.60324008;Britannia
215;Baden;-455944.431237297;5336974.14277916;Germania Superior
216;Cartagena;-1449939.63319031;4391996.59707463;Tarraconensis
217;Exeter;-1220579.71815816;5909605.90316364;Britannia
218;Elne;-980703.920837425;4876893.3217651;Narbonensis
219;Brachy;-936903.204293256;5713995.02806161;Lugdunensis
220;Liverpool;-1080344.47533016;6191222.0230461;Britannia
221;Fourvière;-758074.407741731;5196418.37315334;Lugdunensis
222;Quarante;-963003.388612329;4960187.45340832;Narbonensis
223;Villetelle;-858751.208612973;4982309.47064705;Narbonensis
224;Île Tiboulen de Maire;-773887.821720681;4905453.37155271;Narbonensis
225;Fliessem;-533682.522463351;5642206.27683315;Belgica
226;Bordeaux;-1204986.12063423;5197169.18136286;Aquitania
227;Hérault;-925548.690444053;4944223.99529104;Narbonensis
228;Dieburg;-371731.327541462;5598432.18861759;Germania Superior
229;Barcelona;-1076901.0270608;4757664.54939025;Tarraconensis
230;Alzey;-426921.052879931;5590620.22851237;Germania Superior
231;Lisboa;-2141951.69324276;4743563.92094397;Lusitania
232;Ungersheim;-522880.535167765;5394205.93473969;Germania Superior
233;Wien;155753.912491715;5348916.8497442;Pannonia Superior
234;Sleaford;-926819.171047682;6087532.3099268;Britannia
235;Tavira;-2070817.24714282;4516468.85332904;Lusitania
236;Vendeuil-Caply;-846336.475616607;5666434.30497958;Belgica
237;Cahors;-1056327.87708297;5112167.0970465;Aquitania
238;Mannheim;-405461.760701429;5558457.77042638;Germania Superior
239;Saintes;-1180767.57650641;5298520.28691293;Aquitania
240;Riegel am Kaiserstuhl;-484535.968909158;5418625.53659097;Germania Superior
241;Schleitheim;-437561.349109811;5364940.95885039;Germania Superior
242;Souk-el-Arba;-2004119.37006333;4189624.25054148;Mauretania Tingitana
243;Rommerskirchen;-500928.527986177;5751822.42307916;Germania Inferior
244;Roanne;-746791.260024395;5070566.32837079;Narbonensis
245;Newcastle upon Tyne;-933657.639816768;6330344.85937732;Britannia
246;Great Chesters;-984310.798019388;6347408.21656899;Britannia
247;Petronell (Carnuntum);191156.470569917;5337601.5933575;Pannonia Superior
248;Sens;-813832.528796562;5492279.63992786;Lugdunensis
249;Mireval;-890981.647948312;4963144.23412323;Narbonensis
250;Baralle;-776179.289080391;5717953.66761361;Belgica
251;Hanau;-362561.32691464;5623858.11652286;Germania Superior
252;Aldborough;-951822.032502968;6227503.90010229;Britannia
253;Neuenheim;-392023.899733558;5546936.83085167;Germania Superior
254;Köngen;-355695.5065422;5457953.73936938;Germania Superior
255;Chur;-374169.140891316;5253524.5141365;Raetia
256;Frontignan;-896321.846077139;4957429.1232438;Narbonensis
257;Tanger;-1950327.22458393;4285449.15175168;Mauretania Tingitana
258;San Potito;-120173.573651421;4690033.77251036;Italia
259;Florensac;-921210.35308014;4955167.75173721;Narbonensis
260;Deneuvre;-553753.602254393;5464782.01155484;Belgica
261;Liberchies;-734486.63726866;5753105.98560175;Belgica
262;Butzbach;-374169.960931298;5659880.3504563;Germania Superior
263;Le Mas-d'Agenais;-1154670.15857508;5132225.83108613;Aquitania
264;Birrens;-1030500.64864933;6374268.34324808;Caledonia
265;Xanten;-503646.03044109;5823979.8486064;Germania Inferior
266;Günzburg;-292240.014262625;5422776.99884679;Raetia
267;Lixus;-1997235.51806087;4251471.20648533;Mauretania Tingitana
268;Neckarrems;-358675.729159672;5479630.42759026;Germania Superior
269;Bliesbrück;-506759.197045804;5532866.79932232;Belgica
270;Niederbronn;-476664.98840126;5508631.96520688;Germania Superior
271;Nantes;-1203165.14020655;5481520.38219462;Aquitania
272;Pinet;-917226.701928983;4956906.41216874;Narbonensis
273;Holybourne;-1024682.74467896;5900767.64801538;Britannia
274;Boscoreale;-51434.4819792012;4535289.96932106;Italia
275;Antibes;-620809.828136445;4917729.53982733;Narbonensis
276;Crail;-946881.722867582;6489740.2118907;Caledonia
277;Saint-Satur;-869851.851042747;5405136.61759399;Aquitania
278;Aiguillon;-1148263.14368239;5117300.54194114;Aquitania
279;Caerhûn;-1142035.38801882;6189248.68389295;Britannia
280;Titelberg;-593230.38246345;5598614.42986598;Belgica
281;Croy;-1043368.48415957;6487283.0150624;Caledonia
282;Maraussan;-946703.925348024;4959113.91712034;Narbonensis
283;Remagen;-472537.657743537;5693681.70094213;Germania Inferior
284;Lagos;-2165550.72382762;4545143.42314275;Lusitania
285;Castiglione de la Pescaia;-328030.309059835;4784812.84828934;Italia
286;Newport;-915620.284445499;6175673.74878368;Britannia
287;Chartres;-938743.742607776;5552819.35096939;Lugdunensis
288;Iles de Lerins (baie de Cannes);-631842.584338419;4918167.52097596;Narbonensis
289;Gremecey;-570003.065627609;5508795.97093586;Belgica
290;Hofheim am Taunus;-396472.023601738;5624528.74402415;Germania Superior
291;Holzhausen;-432329.154108855;5645560.06758703;Germania Superior
292;Exning;-900935.128983851;5994217.26706244;Britannia
293;Aachen;-549177.592646036;5731585.19137432;Germania Inferior
294;Etaples;-867047.267646626;5777458.78074488;Belgica
295;Godmanchester;-933852.412439242;6010121.22050005;Britannia
296;Stettfeld;-399281.374423247;5521578.15726217;Germania Superior
297;Hochtaunuskreis;89092.6203758026;4418444.99441478;Italia
298;Bouzigues;-904125.883690381;4959056.07170918;Narbonensis
299;Brecon;-1162214.80140948;6041608.39592183;Britannia
300;Trier;-532611.407177068;5611686.49801511;Belgica
301;Piercebridge;-954394.002601162;6282581.96864157;Britannia
302;Chesterfield;-983962.241745958;6137892.36808725;Britannia
303;Vorey;-842281.948214384;5147491.84788193;Aquitania
304;Fishbourne;-1026850.05284645;5861498.96172383;Britannia
305;Tutbury;-1015803.00893567;6100275.84186947;Britannia
306;Athens;740055.928442988;4207491.26900367;Achaia
307;Quercy;-1077077.99726909;5093214.95879788;Aquitania
308;Shropshire, County of;-1092739.56495175;6104360.90503786;Britannia
309;Oberflorstadt;-361864.404548476;5645534.02118244;Germania Superior
310;Andance;-771290.044823869;5139021.50843381;Narbonensis
311;Thonon-les-Bains;-617078.665554533;5225014.82454386;Narbonensis
312;Stuttgart;-367400.421999512;5471007.97319281;Germania Superior
313;Boulogne-sur-Mer;-863480.893894455;5800540.97391836;Belgica
314;Freisen;-493006.607712464;5580283.01279713;Belgica
315;Saint-Ulrich;-542610.426431318;5365287.31030252;Germania Superior
316;Minorca;-954618.972117151;4568736.00873962;Tarraconensis
317;Harnes;-780423.926131763;5746554.2887799;Belgica
318;Mèze;-908884.355268475;4957396.8090184;Narbonensis
319;Grand Loou;-718637.105399799;4906730.27114009;Narbonensis
320;Habsheim;-517392.794026849;5376424.86373607;Germania Superior
321;Sainte-Bazeille;-1160743.73083057;5148158.24047664;Aquitania
322;Vendres;-943695.037721992;4946880.61386297;Narbonensis
323;Gruissan;-958769.253893408;4931007.50466714;Narbonensis
324;Ile de Jarre;-771202.696568256;4903028.83897529;Narbonensis
325;Rivesaltes;-984674.336095553;4897531.36459068;Narbonensis
326;Cap Corse;-445996.121340924;4824673.07806265;Corsica et Sardinia
327;Pula;-540365.053431677;4387016.36972094;Corsica et Sardinia
328;Lengnau;-531572.953189574;5316399.85801764;Germania Superior
329;Montpellier;-1193013.97663674;5288735.07617962;Aquitania
330;Ilkley;-985532.625258623;6218770.89360818;Britannia
331;Lunel-Viel;-863621.4080033;4976914.29605583;Narbonensis
332;Toft Newton;-915904.107475054;6129914.66841145;Britannia
333;Rezé;-1204137.4566985;5477596.45174869;Aquitania
334;Bled Takourart (Tocolosida);-1987266.40145891;4103212.23414875;Mauretania Tingitana
335;Tourbes;-926805.962745015;4963741.97628313;Narbonensis
336;Sierentz;-516151.590048429;5367931.28285493;Germania Superior
337;Montouliers;-967723.915557054;4960210.70161766;Narbonensis
338;Branston;-924356.139053679;6110662.24970898;Britannia
339;Öhringen;-336411.74729156;5513460.35492245;Germania Superior
340;Sabadell;-1078670.98765391;4775068.31955958;Tarraconensis
341;Cases-de-Pène;-991508.20249639;4900081.01396889;Narbonensis
342;Rudston;-883811.910580558;6205414.79152561;Britannia
343;Bar Hill;-1044916.54602186;6488872.32182155;Caledonia
344;Lancaster;-1044595.74302811;6257550.65135723;Britannia
345;Mülfort;-514660.579143982;5767783.84740166;Germania Inferior
346;Walldürn;-339971.551437274;5557672.62823166;Germania Superior
347;Benidorm;-1350809.23301092;4483903.34645954;Tarraconensis
348;Lezoux;-867417.061203941;5228448.42363556;Aquitania
349;Martigny;-575584.577604651;5200765.19520363;Italia
350;Dover;-876201.319132549;5854726.91307442;Britannia
351;Eguisheim;-519537.808018849;5412448.94421802;Germania Superior
352;Sancerre;-870340.530827604;5404055.8219006;Aquitania
353;El Puig;-1336433.62794107;4604698.10969746;Tarraconensis
354;Marseille;-768368.12063224;4912623.5107282;Narbonensis
355;Daventry;-1002941.97480988;6023857.50878853;Britannia
356;Emerkingen;-341987.822546083;5402446.98999934;Raetia
357;Sarrebourg;-523914.610309244;5492439.05677688;Germania Superior
358;Hüfingen;-433668.702820999;5384472.28585033;Germania Superior
359;Gigean;-969546.076774815;4924346.80438353;Narbonensis
360;Ruoms;-825421.304383794;5059133.82231147;Narbonensis
361;Ensch;-517095.797868843;5616559.68445798;Belgica
362;Speyer;-412252.394376319;5539574.11720108;Germania Superior
363;Middlewich;-1052533.52007665;6153070.31036954;Britannia
364;Waldmössingen;-427823.539968923;5422294.92378887;Germania Superior
365;Derby;-997815.632356423;6132453.39907655;Britannia
366;Straubing;-117467.703923854;5448576.67997406;Raetia
367;Eynsford;-939739.406611343;5896747.19466934;Britannia
368;Stolberg;-539302.3366509;5729506.61364136;Germania Inferior
369;East Ayrshire;-1075089.55351063;6444260.33197283;Caledonia
370;Catterick;-957364.526935507;6263494.05354278;Britannia
371;Dorset;-1135822.58484486;5886561.69152377;Britannia
372;Eisenberg;-433655.163799789;5570354.58351206;Germania Superior
373;Gravesend;-926784.656896033;5902828.07833626;Britannia
374;Ubbergen;-536768.176069463;5851260.41641472;Germania Inferior
375;Saalburg;-1934840.73838117;4202601.76886947;Mauretania Tingitana
376;winterthur;-423805.996244209;5334232.67425314;Germania Superior
377;Rosbach von der Höhe;-373545.796513298;5644538.03444992;Germania Superior
378;La Bastide-Pradines;-939900.018997317;5031400.97647373;Narbonensis
379;Harfleur;-1000395.01080447;5695786.8543823;Lugdunensis
380;Castelnau-le-Lez;-880133.197516477;4975471.5596612;Narbonensis
381;Weissenburg in Bayern;-232429.561036971;5479477.45644883;Raetia
382;Valras-Plage;-938823.092701689;4943156.90370129;Narbonensis
383;Mildenhall;-1068362.29185894;5944816.34949233;Britannia
384;Formentera;-1205341.5848801;4469269.66983729;Tarraconensis
385;Vaison-la-Romaine;-772081.225309178;5023857.06976782;Narbonensis
386;Zofingen;-486219.793721228;5320624.70915462;Germania Superior
387;Szöny;284044.272056666;5291776.81241142;Pannonia Inferior
388;Ambleside;-1039446.1785282;6298296.57100686;Britannia
389;Vinkocvi;327848.861801793;5017325.65128933;Pannonia Inferior
390;Abergavenny;-1142097.50148345;6020265.92137622;Britannia
391;Beauvais;-867317.793329463;5650027.83215514;Belgica
392;Bo'ness;-1015661.64444725;6484833.61278197;Caledonia
393;Beusichem, Gruelden;-576764.634267847;5872985.10959853;Germania Inferior
394;Faimingen;-280857.685388251;5433090.29442551;Raetia
395;Saint-Thibéry;-924828.515226642;4957534.56918716;Narbonensis
396;Northwich;-1053726.5359685;6163592.41776689;Britannia
397;Abbeville, environs;-865656.926726703;5728782.29040303;Belgica
398;Marciana;-386494.665944352;4794036.37979014;Italia
399;Puriton;-1164126.18188047;5946981.72092264;Britannia
400;Cercy;-799059.273616129;5515761.34251661;Lugdunensis
401;Benningen;-304728.940598787;5369397.55636999;Raetia
402;Perpignan;-984457.85020137;4888921.06108167;Narbonensis
403;Sidi Ali Ben Ahmed;-2073428.29999475;4156751.37290906;Mauretania Tingitana
404;Montagnac;-917490.19612963;4965758.11000082;Narbonensis
405;Sant Boi de Llobregat;-1089519.33047454;4753980.0419975;Tarraconensis
406;Bingen;-438071.820689793;5617710.29637623;Germania Superior
407;Oberstimm;-201709.408618403;5439539.08444927;Raetia
408;Penrith;-1015782.25942203;6318163.80116386;Britannia
409;Nyon;-634199.864409378;5244193.075572;Germania Superior
410;Honfleur;-1000498.45603183;5684945.7696147;Lugdunensis
411;Welzheim;-332862.137632384;5476255.96809373;Germania Superior
412;LLupia;-996836.590603125;4882857.47944781;Narbonensis
413;Millau;-934727.098543339;5041594.05908084;Narbonensis
414;Walheim;-365539.632065282;5496876.24993795;Germania Superior
415;Passau;-55681.1376136396;5407611.03962742;Raetia
416;Chesterford;-917531.352682112;5975391.62749441;Britannia
417;Neuhausen auf den Fildern;-362074.28664435;5458637.98284481;Germania Superior
418;Lleida;-1201383.86026213;4812790.7684162;Tarraconensis
419;Villeneuve-sur-Lot;-1116022.97867642;5121708.43515535;Aquitania
420;Neath;-1201792.80841085;6019896.7751516;Britannia
421;Châteaumeillant;-939469.120433985;5331103.37732853;Aquitania
422;Archena;-1465811.83068532;4461800.48428925;Tarraconensis
423;Evreux;-946208.292748295;5622721.84437026;Lugdunensis
424;Heerlen;-554311.815937811;5745732.43655771;Germania Inferior
425;Forêt de la Compiègne;-811687.478851952;5628062.78873794;Belgica
426;Wateringen;-643443.923396435;5896823.32165153;Germania Inferior
427;Bern;-529766.60434941;5285536.92081335;Germania Superior
428;Lenzburg;-466782.450021658;5328072.18904031;Germania Superior
429;Laversines;-859356.597013406;5646962.38599787;Belgica
430;Stanwix;-1018514.97834214;6349564.10679358;Britannia
431;Fingringhoe;-875490.558924015;5935360.10317915;Britannia
432;Kösching;-196644.016293483;5450409.25544193;Raetia
433;Fishtoft;-899454.913005337;6075088.6643509;Britannia
434;Schwaigern;-370184.918944023;5512641.37406881;Germania Superior
435;Dorchester;-1143952.61632069;5885245.22718696;Britannia
436;Marseillan;-916860.215121525;4951101.23155278;Narbonensis
437;Lisboa;-2142536.30216088;4742556.65076616;Lusitania
438;Puget-sur-Argens;-658716.200149193;4912102.28997548;Narbonensis
439;El Saler;-1344904.34582257;4582970.39284763;Tarraconensis
440;Rabat;-2107147.03984306;4135721.89691103;Mauretania Tingitana
441;Rochester;-918126.960805824;5894350.6360174;Britannia
442;Eincheville;-551421.33822883;5526273.64101934;Belgica
443;Unterkirchberg;-314326.9227589;5412727.56038184;Raetia
444;Tortona;-457942.185853519;5043981.67891239;Italia
445;Topsham;-1215464.82997337;5905765.82493351;Britannia
446;Savoy;-634572.362086941;5130710.01579176;Italia
447;Gonnesa;-582519.002697266;4421792.9813143;Corsica et Sardinia
448;Usk;-1139480.66991127;6003427.66877131;Britannia
449;Port-Vendres;-1329431.03343256;5574509.14951195;Lugdunensis
450;Bourges;-909689.839236849;5384894.42118109;Aquitania
451;Céret;-1001657.59142513;4868400.18533;Narbonensis
452;Winterton;-916940.830738789;6164127.67792221;Britannia
453;Bad Cannstatt;-364382.647815494;5472696.5638907;Germania Superior
454;Southampton;-1066016.28834151;5881839.25979855;Britannia
455;Selçuk (Ephesus);1060183.45576233;4219310.7546189;Asia
456;Kirkton;-1052099.29952862;6388424.84303726;Caledonia
457;Ascó;-1217966.54899359;4765527.49966152;Tarraconensis
458;Prestatyn;-1110482.5490777;6191932.92020591;Britannia
459;Montmaurin;-1155250.02698365;4991705.38281305;Aquitania
460;Orléans;-924043.435940068;5484756.71466925;Lugdunensis
461;Weißenthurm;-460851.630191816;5673325.96088646;Germania Superior
462;Koblenz;-453093.464027805;5664618.53690518;Germania Superior
463;Eining;-176481.504917016;5452674.00787455;Raetia
464;Loupian;-907672.647783555;4959907.57921964;Narbonensis
465;Brive;-1227631.31191252;5521874.51535724;Lugdunensis
466;Avignon;-799649.781115405;4994996.39512766;Narbonensis
467;Carcassonne;-1016020.88149081;4956609.06064438;Narbonensis
468;Cambridgeshire;-916591.738593881;6006851.21039295;Britannia
469;Draguignan;-675034.553189508;4924224.31362749;Narbonensis
470;Koestlach;-532738.806286702;5353536.67996115;Germania Superior
471;Benicarló-Islas Columbretes;-1257418.45797438;4615133.43300133;Tarraconensis
472;Broughton;-1089984.83941823;6164217.41865263;Britannia
473;Manta Rota;-2057109.16296306;4517891.84254934;Lusitania
474;Cruzy;-753738.915119397;5438414.90780981;Lugdunensis
475;Thérouanne;-820324.197865454;5779145.1502761;Belgica
476;Rambervillers;-562999.170437464;5454907.5973804;Belgica
477;Périgueux;-1092718.48438558;5207577.15161197;Aquitania
478;Sète;-902266.913851792;4953792.54515254;Narbonensis
479;Boutenac;-981920.366978614;4941129.17671166;Narbonensis
480;Altkirch;-533337.903868127;5366563.88173504;Germania Superior
481;Ergnies;-851793.407887104;5722613.47965496;Belgica
482;Capestang;-956805.584192466;4956563.25970345;Narbonensis
483;Pomérols;-918416.989183906;4955468.45640589;Narbonensis
484;Naix-aux-forges;-649059.121690516;5506092.41077562;Belgica
485;Vieil-Évreux;-940835.108073857;5619041.04695464;Lugdunensis
486;Bishopton;-1073427.19551087;6492882.24764783;Caledonia
487;Vieux-Pont;-1025847.00127155;5646646.58260638;Lugdunensis
488;Padova;-213255.361586905;5069825.09673237;Italia
489;Ouddorp;-671992.197497118;5879712.8875392;Germania Inferior
490;Château-Thierry;-782885.434712044;5584048.58459667;Belgica
491;Famars;-740679.454900334;5721666.72774284;Belgica
492;San Luis;-935457.461484056;4547756.24469068;Tarraconensis
493;Sorcy;-628445.346676159;5510624.72592948;Belgica
494;Verneuil-en-Halatte;-839975.649213754;5624907.89355813;Belgica
495;Saint Raphael;-652388.204906818;4907410.35018957;Narbonensis
496;Dietikon;-450356.642573727;5327668.80148124;Germania Superior
497;Mahón;-935653.239258351;4551508.82449145;Tarraconensis
498;Uplyme;-1180193.68720235;5899587.04755141;Britannia
499;Tanger (Tingi);-1946505.43346597;4308761.98020494;Mauretania Tingitana
500;Hüchelhoven;-502239.814525535;5749654.22537995;Germania Inferior
501;Lauffen am Neckar;-364870.973525996;5503666.80816787;Germania Superior
502;Cumbernauld;-1040370.79673091;6486124.23329299;Caledonia
503;Charente-Maritime;-1197680.11980849;5273960.39113718;Aquitania
504;Llantwit Major;-1189953.87004815;5984983.73840063;Britannia
505;Hyères;-709728.49953245;4882589.53112165;Narbonensis
506;Castor;-936552.062040225;6040791.90865701;Britannia
507;Étangs de Villepey;-656252.089305681;4904929.50486331;Narbonensis
508;Ciudadela;-968204.441333387;4575292.04320975;Tarraconensis
509;Aix-en-Provence;-767241.085595176;4937156.4844315;Narbonensis
510;Beckfoot;-1060641.65275008;6301951.66741167;Britannia
511;Yverdon;-595776.135074637;5281610.68344417;Germania Superior
512;Haute-Goulaine;-1194521.19363448;5476793.24020693;Aquitania
513;Vattevill-la-Rue;-965791.611159849;5683434.98552602;Lugdunensis
514;Vaucluse;-769830.196361908;4995363.18285515;Narbonensis
515;Astorga;-1729273.44524473;5070491.88673275;Tarraconensis
516;Kelvedon;-890171.35809129;5939601.65731732;Britannia
517;Saint Marsal;-1011057.98049445;4876343.50823081;Narbonensis
518;Thonon-les-Bains;-615535.986215832;5238782.4130004;Germania Superior
519;Denia;-1321124.4854771;4512690.98838483;Tarraconensis
520;Montayral;-1091649.27841778;5123494.37625198;Aquitania
521;Aude;-952921.910279232;4945212.94940737;Narbonensis
522;Boust;-572104.500338892;5582054.03490155;Belgica
523;Castlecary;-1036998.42331303;6488915.3509313;Caledonia
524;Bettingen;-502634.432653425;5358855.84054295;Germania Superior
525;Arbon;-370213.222875438;5327634.32858863;Raetia
526;Bishop Auckland;-949054.410666976;6294833.49738688;Britannia
527;Toul;-610374.971762773;5502424.65550382;Belgica
528;Heuqueville;-1000427.59995658;5708276.4923371;Lugdunensis
529;Porto Conte;-586050.224350097;4571651.97824183;Corsica et Sardinia
530;Great Dunmow;-912255.597541451;5952017.83568669;Britannia
531;Castres;-1198913.91874907;5178072.00304552;Aquitania
532;Vosges;-589115.341835749;5439775.39861186;Belgica
533;Neumagen;-494113.805607911;5397219.01558136;Germania Superior
534;Rottenburg;-390496.903576861;5439877.28288671;Germania Superior
535;Sitges;-1111874.20871218;4746676.33402652;Tarraconensis
536;Cavalaire;-677026.849693309;4882990.95624787;Narbonensis
537;Norton Disney;-940814.519643092;6107895.22670759;Britannia
538;Peterborough;-930458.644334798;6040895.54269053;Britannia
539;Ospringe;-896771.172897821;5878295.87148829;Britannia
540;Pîtres;-932523.61026059;5654070.53353283;Lugdunensis
541;Espondeilhan;-936204.045308649;4965244.83332084;Narbonensis
542;Salisbury;-1086527.08577183;5908547.22495746;Britannia
543;Girona;-1008178.80239996;4810765.99854539;Tarraconensis
544;Alghero;-574966.657682757;4567839.39705301;Corsica et Sardinia
545;Ancy;-779453.955768535;5209375.34680593;Lugdunensis
546;Newel;-535400.286700328;5618436.74560114;Belgica
547;Manchester;-1026648.16474628;6182481.93517124;Britannia
548;Jort;-1037133.31107804;5642346.05191973;Lugdunensis
549;Bury Saint Edmunds;-876898.900900726;5985143.55768478;Britannia
550;Caballería, Cabo de;-944522.812632574;4577110.13007159;Tarraconensis
551;Vidauban;-679668.310526605;4912574.59491017;Narbonensis
552;Almuñécar;-1722755.89894183;4362395.95543729;Baetica
553;Alcácer do Sal?;-2100733.42795341;4684889.74812506;Lusitania
554;Gernsheim;-400011.030763982;5586730.38499543;Germania Superior
555;Autun;-769223.795985459;5337209.66142767;Lugdunensis
556;Cagny;-1044313.02324532;5665066.06980993;Lugdunensis
557;Palau-del-Vidre;-982324.709547521;4873899.45664379;Narbonensis
558;Sulz am Neckar;-414882.288806037;5431078.5025572;Germania Superior
559;Lille;-764491.102839561;5764366.28940886;Belgica
560;Vercelli;-486147.275834107;5095747.11980986;Italia
561;Echzell;-359879.684706836;5652532.12819607;Germania Superior
562;Fox-Amphoux;-703277.813103674;4935103.35277325;Narbonensis
563;Montans;-1036821.1261627;5037870.01706675;Narbonensis
564;Montargis;-858316.911564368;5479790.29102354;Lugdunensis
565;Rhodes;1125400.45789681;4026994.31845933;Asia
566;Théza;-981455.039463643;4881457.7506255;Narbonensis
567;Saint-André;-857627.192311953;5061677.64738394;Narbonensis
568;Oberweningen;-447651.75085769;5338552.27068484;Germania Superior
569;Tayside;-994435.113986876;6525722.48411293;Caledonia
570;Osterburken;-338582.273326767;5540021.75366891;Germania Superior
571;Sains-du-Nord;-711943.157785152;5688776.6290296;Belgica
572;Cartagena;-1452124.75367952;4397135.65286717;Tarraconensis
573;San Fernando (Cádiz);-1961368.11116075;4399877.87222826;Baetica
574;Boulouris;-649457.586252622;4906049.95571356;Narbonensis
575;Budapest;355651.547686503;5262510.12218402;Pannonia Inferior
576;Ravenglass;-1069289.47352345;6301060.81164344;Britannia
577;Maryport;-1061609.05477613;6341000.5800728;Britannia
578;Hettange-Grande;-575296.604521168;5579553.08273978;Belgica
579;Cap du Dramont;-645729.205263754;4905136.0714961;Narbonensis
580;Srijemska Mitrovica;390576.926851977;4981264.27559256;Pannonia Inferior
581;Durhamshire;-953659.242255125;6298416.15049493;Britannia
582;Saint-Genest;-809778.281871242;5101577.05018356;Narbonensis
583;Grantham;-945009.504551965;6083291.00448143;Britannia
584;Bambiderstroff;-549974.047210634;5539579.64496275;Belgica
585;Bingerbrück;-439114.69375058;5617824.20482386;Germania Superior
586;Haillainville;-573328.270522574;5462775.35010852;Belgica
587;Motherwell;-1048246.6160595;6468696.71570134;Caledonia
588;Groß-Umstadt;-366096.195802009;5594279.14789701;Germania Superior
589;Miltenberg;-344994.451356946;5572194.21912695;Germania Superior
590;Lelling;-542939.257855175;5531163.98176597;Belgica
591;Les Andelys;-920596.664192033;5642554.50294566;Lugdunensis
592;Dompierre-sur-Nièvre;-841424.22431779;5386605.52768543;Lugdunensis
593;Elche;-1408781.55045439;4465341.98698368;Tarraconensis
594;Champigneulles;-589192.017933705;5505026.65468745;Belgica
595;Dalkeith;-988621.904649597;6456373.66953387;Caledonia
596;Villevieille;-710326.430318601;5024202.27600342;Narbonensis
597;Halstroff;-551457.922514167;5572279.58171963;Belgica
598;Theilenhofen;-167725.348487495;5477169.75325658;Raetia
599;Landas;-751689.638613947;5742466.86157894;Belgica
600;Andard;-1108869.66773494;5482224.17796096;Lugdunensis
601;Soulosse;-628189.014122026;5474801.77648493;Germania Superior
602;Cockermouth;-1053597.50328897;6333957.37945269;Britannia
603;Cadaquès;-963148.326655803;4836768.93715442;Tarraconensis
604;Biache-Saint Vaast;-781322.747927607;5731083.99805374;Belgica
605;Fellbach;-359721.110469539;5473583.04695001;Germania Superior
606;Glossop;-1009274.43658793;6166462.76797821;Britannia
607;Great Wakering;-894000.649922017;5905146.24444468;Britannia
608;Corfe Mullen;-1113882.99810809;5883315.14279004;Britannia
609;Villeneuve-lès-Béziers;-937940.078310953;4950911.01714505;Narbonensis
610;Lison;-1097700.00021184;5693304.63114319;Lugdunensis
611;Saintes-Maries-de-la-Mer;-841093.350595992;4946523.46060183;Narbonensis
612;Gilsland;-992568.326713143;6350349.14736331;Britannia
613;Olten;-487827.1561595;5328556.25397398;Germania Superior
614;Alicante;-1387165.69597007;4469728.1379712;Tarraconensis
615;Seltz;-443933.611614525;5496335.86823164;Germania Superior
616;Burghöfe;-248954.503144429;5438237.08714965;Raetia
617;Frick;-476208.524891704;5344215.36998735;Germania Superior
618;Pithiviers-le-Veil;-894119.686344039;5507702.09084114;Lugdunensis
619;Marseille;-771171.369764503;4916766.70473842;Narbonensis
620;March;-909430.80200194;6030483.28676911;Britannia
621;Acs-Vaspuszta;275830.250479609;5288652.99132449;Pannonia Inferior
622;Tarragona;-1162042.95567574;4744181.52622575;Tarraconensis
623;Stoke Prior;-1107046.1264897;6052641.29598009;Britannia
624;Caerphilly;-1165104.63042796;5997885.22449668;Britannia
625;Künzing;-83084.5844053159;5420793.77070262;Raetia
626;Viladamat;-983502.444712979;4823004.4158836;Tarraconensis
627;Sturry;-880123.222481412;5871592.04715196;Britannia
628;Eaucourt-sur-Somme;-863175.392471603;5723176.5119734;Belgica
629;Brockworth;-1084314.70672774;6002442.83729146;Britannia
630;Magalas;-938769.843486619;4969260.3464209;Narbonensis
631;Chelmsford;-909188.953593619;5933292.30721563;Britannia
632;Garrissou;-975961.784425268;5052714.04441386;Narbonensis
633;Salchenried;-270262.542522033;5337011.14288083;Raetia
634;Kastell Kapersburg;-416478.421982468;5634796.89142258;Germania Superior
635;Sainte Catherine;-1097209.72151984;5262587.27694953;Aquitania
636;Newport;-1149330.91211402;5992355.757736;Britannia
637;Grenoble;-700292.896679693;5116865.61494463;Narbonensis
638;Adelange;-550420.225604477;5528931.71402329;Belgica
639;Wakefield;-962898.377521765;6187070.78178539;Britannia
640;Venizy;-786471.821339077;5466803.29379613;Lugdunensis
641;Umbria;-188353.466106486;4801148.60659994;Italia
642;Carpentras;-778171.752545485;5003298.25133414;Narbonensis
643;Sorcy;-688252.761376014;5618834.73130978;Belgica
644;Sedlescombe;-931835.020839365;5842937.63681641;Britannia
645;Hainstadt;-343334.35875129;5553199.17049125;Germania Superior
646;Adenau;-498165.472813481;5676407.33142564;Germania Inferior
647;Denver;-888395.956253208;6028114.35288591;Britannia
648;Forbach;-532867.854726648;5534136.66167503;Belgica
649;Saint-Gilles-du-Gard;-836101.57479194;4971447.95060132;Narbonensis
650;Rubí;-1086372.81688088;4770829.10745158;Tarraconensis
651;Hexham;-964279.788139131;6338335.32301284;Britannia
652;Gonneville-sur-Scie;-929956.466799796;5704946.95969401;Lugdunensis
653;West Woodburn;-960852.201589196;6361338.15971368;Britannia
654;Montélimar;-790557.829057899;5064062.56701237;Narbonensis
655;Horbourg;-512236.703102229;5415301.15840399;Germania Superior
656;Paisley;-1072231.96157718;6484192.23830831;Caledonia
657;Baden-Baden;-436572.750371674;5479529.03070878;Germania Superior
658;Llafranc;-979348.433547504;4794178.15893371;Tarraconensis
659;La Franqui;-967288.362529602;4912639.67343168;Narbonensis
660;Brumath;-475948.370462665;5483239.46436956;Germania Superior
661;Sidi Ali Ben Ahmed;-2109074.12647966;4063115.98491003;Mauretania Tingitana
662;Eslettes;-937592.691369283;5682421.65138874;Lugdunensis
663;Sarre-Union;-517311.000817042;5514880.2930404;Belgica
664;Rocester;-1022012.89618937;6114417.94245917;Britannia
665;Grosssachsen;-392098.886017169;5559302.54730787;Germania Superior
666;Bermerain;-741526.37324242;5714296.6352798;Belgica
667;Credenhill;-1117484.41715675;6044115.93178256;Britannia
668;Cazedarnes;-956060.102319733;4967444.24400891;Narbonensis
669;Malton;-912895.472280218;6220706.6040473;Britannia
670;Illa del Aire;-933711.196405127;4541737.31151757;Tarraconensis
671;Clarques;-818816.176379422;5779734.8840576;Belgica
672;Scole;-843068.56914371;5989183.31090942;Britannia
673;St.Genies;-942484.031916352;4969714.44839218;Narbonensis
674;Le Barroux;-772360.09819236;5011479.82396504;Narbonensis
675;Calella;-1030023.92740688;4772949.09208992;Tarraconensis
676;Laudun;-808447.166959452;5015294.32752858;Narbonensis
677;Aude;-943822.449541331;4940328.02945318;Narbonensis
678;Seengen;-466057.111795152;5321621.66526759;Germania Superior
679;Calpe;-1331926.20590199;4491738.89463698;Tarraconensis
680;Selby;-942310.786273636;6188303.40569574;Britannia
681;Hochscheid;-488576.988583342;5616476.64790544;Belgica
682;La Guerche-sur-Aubois;-872058.509028795;5360030.57824724;Aquitania
683;Mirecourt;-601020.289078885;5457545.63725606;Belgica
684;Noyelles-Godault;-775021.722488848;5741817.15881934;Belgica
685;Terrassa;-1085921.37939975;4779119.33453209;Tarraconensis
686;San Juan Despí;-1087500.70188168;4756517.70087589;Tarraconensis
687;Mailhac;-975060.318115575;4957675.90792465;Narbonensis
688;Brampton;-1004176.78848694;6350462.72518693;Britannia
689;Argentona;-1053962.27178062;4770685.8274305;Tarraconensis
690;Tác;302626.088127319;5217598.49362242;Pannonia Inferior
691;Lillebonne;-975558.823294644;5689747.21345963;Lugdunensis
692;Oermingen;-513233.824094175;5520769.38666258;Belgica
693;Worcester;-1073712.11890444;6041214.08692206;Britannia
694;Gelligaer;-1164662.10750241;6007622.68897602;Britannia
695;Libourne;-1175287.59485895;5198048.20531156;Aquitania
696;Strood;-919267.933298653;5894683.84630455;Britannia
697;Dampierre-en-Burly;-882215.492236738;5457599.94835411;Lugdunensis
698;Cartago;-452266.787599882;4133617.898619;Africa Proconsularis
699;Castelldefels;-1091274.22263834;4769897.70943279;Tarraconensis
700;Mendip Hills;-1138702.32700154;5950424.38554446;Britannia
701;Dahlheim;-447797.2911841;5647268.46448501;Germania Superior
702;Levroux;-972120.872496565;5388311.99135741;Aquitania
